cover,name,pages,price,purchase
Т, Тунсю Мосян: Благословение небожителей. Том 1 ,416,1150,1174
Т, Лия Арден: Мара и Морок ,384,593,2115
Т, Семизорова Ирина Николаевна: Нереальная любовь. Как найти своего человека и построить крепкие отношения ,288,625,146
Т, Елена Кей Елена: Йога. Современное руководство по решению проблем ,368,2495,166
Т," Ольга Примаченко: К себе нежно. Книга о том, как ценить и беречь себя ",336,759,2826
М," Некрасова Лера: Жизнь после смерти. История о том, что нас ждёт между воплощениями ",288,472,173
Т, Трейси Вульф: Желание ,752,835,370
М, Михаил Лабковский: Люблю и понимаю. Как растить детей счастливыми (и не сойти с ума от беспокойства) ,288,789,595
М, Антон Петроченков: Маркетинг для немаркетологов. Руководство по созданию успешных маркетинговых стратегий и увеличению прибыли ,320,975,176
М, Джордж Оруэлл: 1984 ,318,290,7572
Т, Александр Леонович: Физика без формул , 224,319,3399
М," Стругацкий Аркадий Натанович, Борис Стругацкий: Трудно быть богом ",256,258,2290
Т," Скотт Коутон, Купер Элли, Ваггенер Андреа: Ужасы Фазбера. 1:35 ночи (выпуск 3) ",288,518,150
Т, Нацухико Кёгоку: Лето злых духов Убумэ ,608,690,87
Т, Джей Кристофф: Темный рассвет ,624,734,1875
Т, Дженнифер Арментроут: Из крови и пепла ,640,718,1490
Т, Анастасия Гор: Ковен тысячи костей ,608,642,860
Т, Джеральд Бром: Косиног: История о колдовстве ,480,898,1761
Т," Линн Джуди И.: Книга чая. Магия, пропитанная ядом ",480,611,75
Т, Александра Маринина: Шпаргалка для ленивых любителей истории. Короли и королевы Англии ,448,711,254
Т, Тейлор Рейд: Семь мужей Эвелин Хьюго ,448,642,175
Т, Л.Дж. Шэн: Святые Грешники. Мятежный ,432,675,110
М, Эрих Фромм: Искусство любить ,224,198,5864
Т, Стеффи Лия: Твой Орлеан. Личный дневник ,160,559,74
Т, Монк Кидд Сью: Тайная жизнь пчел ,384,690,111
Т, Кеннеди Рейвен: Блеск ,416,745,110
Т, Люсинда Райли: Семь сестер. Сестра солнца ,752,1152,214
Т, Ли Бардуго: Штурм и буря ,416,529,4474
М, Уильям Коллинз: Отель с привидениями ,448,228,1143
Т, Тикхо Сабина: На языке эльфов ,320,495,339
Т, Сад любимых цветов с Ларисой Кочелаевой ,192,992,275
Т, Ли Бардуго: Тень и кость ,384,529,5151
Т, Ли Бардуго: Крах и восход ,416,529,4451
М, Луиза Олкотт: Маленькие женщины ,384,189,3322
Т, Алекс Анжело: Кровь и Плен ,512,662,157
Т, Эмма Скотт: Сейчас и навечно ,448,642,216
М, Фрэнсис Ходжсон Бёрнетт: Таинственный сад ,320,189,1243
Т, Холли Блэк: Воздушный народ. Злой король ,448,642,2773
Т, Лия Арден: Мара и Морок. 500 лет назад ,448,593,2190
Т, Рабичев Леонид Николаевич: Война всё спишет ,256,495,350
Т, Ульяна Черкасова: Золотые земли. Птицы Великого леса ,672,642,289
Т, Воздушный народ. Королева ничего ,480,642,2332
Т, Холли Блэк: Воздушный народ. Жестокий принц ,480,642,3432
Т, Джей Кристофф: Империя вампиров ,800,915,703
Т, Энциклопедия цветовода ,608,693,230
Т, Евгения Сафонова: Лунный ветер ,512,614,219
Т, Фрэнсис Кель: Песнь Сорокопута. Ренессанс ,480,662,159
Т, Сергей Вялов: Желудочные войны ,320,660,86
Т, Хермансон Мари: Чумной остров ,352,675,85
Т," Перукуа: 7 песен о любви, принятии и сокровенной женственности ",224,636,109
Т, К.С. Пакат: И тьма взойдет (официальное издание) ,416,690,124
М, Ана Шерри: Хрупкое равновесие. Книга 1 ,288,497,1523
Т," Владимир Набоков: Ада, или Отрада ",800,1100,69
Т, Лия Арден: Безупречная Луна ,416,593,1032
М, Федор Достоевский: Белые ночи ,320,189,684
М, Джейн Остен: Гордость и предубеждение ,384,218,3446
Т, Шелби Махёрин: Кровь и мёд. Продолжение бестселлера Змей и голубка ,672,718,2289
М, Олдос Леонард Хаксли: О дивный новый мир ,352,271,5047
Т, Анастасия Гор: Ковен заблудших ведьм ,544,642,1233
М, Уильям Голдинг: Повелитель мух ,320,255,4257
Т, Ульяна Черкасова: Золотые земли. Сокол и Ворон ,640,642,840
Т, Джей Кристофф: Неночь ,608,734,2805
Т," Линн Эрман Кристина, Фуди Аманда: Все мы злодеи ",512,738,98
Т, Дмитрий Глуховский: Пост ,432,1145,637
М, Эмили Джейн Бронте: Грозовой перевал ,416,189,1507
М, Шарлотта Бронте: Джейн Эйр ,672,181,1827
Т," Софи Гонзалес, Дитрих Кейл: Если о нас узнают ",448,580,106
Т, Барбара Морриган: Чудовище и чудовища ,448,406,1928
Т, Зан Тимоти: Звёздные войны: Траун. Доминация. Меньшее зло ,640,466,69
М," Знаки вселенной. 40 карт, которые помогут заглянуть в будущее ",80,595,696
Т, Фрэнсис Кель: Песнь Сорокопута ,416,642,369
Т, Ася Лавринович: Не спасай меня. Книга 2 ,320,545,93
Т, Карпишин Дрю: Звёздные войны: Старая Республика. Реван ,384,554,68
Т, Кинг Стивен: Билли Саммерс ,544,775,953
М, Михаил Булгаков: Мастер и Маргарита ,512,189,2995
М," Брэдбери Рэй: 451' по Фаренгейту ",240,192,199
Т, Клуб убийств по четвергам ,416,706,1223
Т, Анастасия Гор: Ковен озера Шамплейн ,544,642,1588
Т, Ханов Гай Гаевич: Искусство для артоголиков ,224,975,102
Т," Скотт Коутон, Купер Элли, Ваггенер Андреа, Скотт Коутон: Ужасы Фазбера. Подойди ближе (выпуск 4) ",288,518,114
Т, Джо Хилл: Черный телефон ,448,642,74
Т," Ольга Примаченко: С тобой я дома. Книга о том, как любить друг друга, оставаясь верными себе ",416,807,650
Т, Лия Арден: Достойный высший суд ,448,593,1065
Т, Кинг Стивен: Жребий Салема ,448,1064,106
Т, Стефани Гарбер: Финал ,608,787,284
Т, Дженнифер Арментроут: Королевство плоти и огня ,736,794,1531
Т, Виктория Шваб: Незримая жизнь Адди Ларю ,640,835,954
Т, Джей Кристофф: Годсгрейв ,608,734,2445
Т, Нэвилл Адам: Номер 16 ,544,636,75
Т, Л.Дж. Шэн: Святые Грешники. Скандальный ,416,642,210
Т, Ли Бардуго: Король шрамов ,608,554,2427
М, Эрих Ремарк: Три товарища ,480,307,2366
М," Стругацкий Аркадий Натанович, Борис Стругацкий: Понедельник начинается в субботу ",320,275,2856
М, Энтони Берджесс: Заводной апельсин ,256,247,3663
Т, Габриэль Коста: За стенкой. История Отиса Ревиаля ,320,513,430
Т, Шелби Махёрин: Змей и голубка ,640,718,2413
М, Агата Кристи: Десять негритят ,288,264,615
М, Михаил Булгаков: Морфий ,256,174,1476
Т, Мона Кастен: Снова надейся ,416,690,149
Т, Ульяна Черкасова: Золотые земли. Совиная башня ,608,642,459
Т, Ли Бардуго: Правление волков ,672,595,2179
Т, Пенелопа Дуглас: Конклав ,192,575,75
Т, Керри Манискалко: Царство Проклятых ,576,734,667
Т, Пётр Земсков: Математика и фокусы. Геометрические головоломки для развития мозга ,224,554,1737
Т, Татьяна Мужицкая: Роман с самим собой. Как уравновесить внутренние ян и инь и не отвлекаться на всякую хрень ,304,932,672
Т, Антуан де Сент-Экзюпери: Маленький принц ,128,236,3864
Т, Даниэль Канеман: Думай медленно... решай быстро ,656,992,3034
М, Федор Достоевский: Преступление и наказание ,672,228,1487
М, Эрих Ремарк: Ночь в Лиссабоне ,320,263,1988
М, Людмила Петрановская: Тайная опора: привязанность в жизни ребенка ,288,390,6274
Т, Владлена Дан: Координата Поврежденности ,512,660,116
Т, Стефани Гарбер: Легендо ,608,787,409
Т, Ментальный алхимик. Как получить доступ к подсознанию и обрести уверенность (дополненное издание) ,256,693,776
Т, Барнс Дженнифер Линн: Наследие Хоторнов ,384,690,449
М, 7 ключей к своему здоровью. Практическая нутрициология ,160,975,867
Т, Владимир Древс: Миллионер с хорошей кармой. Как найти предназначение и построить свой бренд ,272,677,2076
М, Джек Лондон: Мартин Иден ,448,181,3193
Т, Эмма Скотт: Однажды я выберу тебя ,544,642,550
Т, Меган Брэнди: Неприятности в старшей школе ,2022,662,671
М, Антуан де Сент-Экзюпери: Маленький принц ,224,189,1373
Т, Кристина Старк: Стигмалион ,480,513,2254
Т, Степанова Татьяна Юрьевна: Великая иллюзия ,384,518,71
М, Теория Всего ,256,299,437
М," Хочу и буду. 6 правил счастливой жизни, или Метод Лабковского в действии ",336,789,678
М, Мария Корелли: Скорбь Сатаны ,544,228,1847
Т, Воденикова Любовь Васильевна: Вышивай как дизайнер! Полный курс по разработке схем для вышивки крестом. От новичка до дизайнера-профессионала шаг за шагом ,288,1286,212
Т, Али Хейзелвуд: Гипотеза любви ,416,634,71
Т, Терри Пратчетт: Держи марку! ,544,662,139
Т, Барнс Дженнифер Линн: Игры наследников ,416,690,608
М, Ана Шерри: Хрупкое равновесие. Книга 3. Статус-кво ,416,497,1878
М, Луиза Олкотт: Хорошие жены ,352,189,892
Т," Ричард Осман: Человек, который умер дважды ",416,661,284
Т, Пенелопа Дуглас: Испорченный ,480,636,616
М," Психотрюки. 69 приемов в общении, которым не учат в школе ",256,743,638
М, Акутагава Рюноскэ: Ворота Расёмон ,576,255,507
М, Эрих Ремарк: Триумфальная арка ,640,319,3189
Т, Бартон Марк: Девочка. Девушка. Женщина ,288,529,1242
М," Эрих Ремарк: Жизнь взаймы, или У неба любимчиков нет ",384,278,1749
Т, Донна Тартт: Тайная история ,592,992,2308
М, Эрих Фромм: Иметь или быть? ,320,258,2407
Т, Алексей Корнелюк: Судьба шлет знаки или на*** Роман-тренинг про обретение смысла жизни ,256,624,258
Т," Акси О: Девушка, которая упала в море ",416,581,176
Т, Пенелопа Дуглас: Доверие ,608,611,740
Т," Кейси Маккуистон: Красный, белый и королевский синий ",480,611,1155
М, Сунь-Цзы: Искусство войны ,160,166,905
М, Харпер Ли: Убить пересмешника… ,416,360,4245
М, Федор Достоевский: Игрок ,224,182,822
М, Тургенев И.: Отцы и дети ,288,140,975
Т, Пётр Земсков: Математика с Петром Земсковым ,144,540,86
Т, Леа Стенберг: Реннвинд. Поцелуй ночи ,384,580,105
Т, Л.Дж. Шэн: Святые грешники. Неистовый ,480,642,228
Т, Керри Манискалко: Охота на Джека-потрошителя. Охота на князя Дракулу ,848,939,1729
М, Лермонтов Михаил Юрьевич: Герой нашего времени ,224,174,749
Т, Кристина Робер: Полусолнце ,512,673,100
Т, Скарлетт Сент-Клэр: Прикосновение тьмы ,384,662,345
Т, Мадлен Миллер: Песнь Ахилла ,384,693,1038
М, Агата Кристи: Убийства по алфавиту ,320,225,640
Т, Михаил Фишман: Преемник ,624,1492,903
Т, Гай Кей: Львы Аль-Рассана ,624,1049,95
Т, А. Дж. Врана: Боги Черной Лощины ,448,738,226
Т, Джонатан Франзен: Перекрестки ,656,986,272
Т, Дана Делон: Под небом Парижа ,352,529,551
Т, Ангельская сага. Книга ангелов ,512,624,1106
М, Спаркс Николас: Дневник памяти ,256,250,1762
М, Грибоедов Александр Сергеевич: Горе от ума ,256,174,722
Т, Аннабель Эббс: На кухне мисс Элизы ,352,593,104
М, Замятин Евгений Иванович: Мы ,224,239,82
Т, Мист Магнус: Маленькая злая книга 4 ,144,497,272
Т, Стокер Брэм: Дракула ,416,418,382
Т, Сэлинджер Джером Дэвид: Над пропастью во ржи ,224,306,304
Т, Ангельская сага. Возвращение ангелов ,416,595,1281
Т, Константин Малофеев: Империя. Настоящее и будущее. Книга третья ,528,1400,75
Т," Хрошин Виталий Юрьевич: Самые слики. Хроники ""Формулы-1"" ",352,775,565
Т, Джеральд Бром: Похититель детей ,624,962,3617
Т, Юлия Гендина: Цвет НА КРЮЧКЕ. Вязаная «живопись» для современного интерьера. Шесть новых техник – 1 000 000 красивых вещей ,208,1372,75
Т, Джонатан Франзен: Свобода ,672,898,80
Т, Шарлотта Хаберзак: Не открывать! С другой планеты! ,240,538,167
Т, Александр Абрамов: Ген высоты. Откровенная история десятикратного восходителя на Эверест ,240,803,589
Т, Янг Эдриенн: Безымянная ,448,690,80
Т, Джулия Холл: Украденный свет ,448,725,91
М, Немцова Наталия Леонидовна: Сказки для почемучки ,64,189,2665
Т, Аннетт Мари: Алая зима ,384,529,1277
М, Крис Восс: Договориться не проблема. Как добиваться своего без конфликтов и ненужных уступок ,320,469,688
М," Стругацкий Аркадий Натанович, Борис Стругацкий: Пикник на обочине ",256,255,2598
Т, Кинг Стивен: Сердца в Атлантиде ,512,992,170
Т, Стефани Гарбер: Караваль ,576,787,686
М, Френсис Фицджеральд: Великий Гэтсби ,256,210,2884
М, Сунь-Цзы: Искусство войны ,160,189,780
Т, Сергей Тармашев: Электрошок. Внезапно ,352,636,803
Т, Пенелопа Дуглас: Убежище ,576,718,212
Т, Виктор Диксен: Двор Чудес ,416,668,84
Т, Колин Гувер: Все твои совершенства ,352,593,204
Т, Камша Вера Викторовна: Лик Победы ,832,1097,190
М, Обрезка садовых растений. Самоучитель в схемах и рисунках ,192,218,1068
Т, Пенелопа Дуглас: Курок ,576,718,153
Т," Алексей Марков: Хулиномика. Элитно, подробно, подарочно! ",448,939,210
Т, Ангельская сага. Гнев ангелов ,448,624,1231
Т, Ханья Янагихара: Маленькая жизнь ,688,1088,2357
Т, Мара Вульф: Сёстры-ведьмы. Сестра луны ,512,651,1022
Т, Ли Бардуго: Девятый Дом ,544,595,1409
Т, Л.Дж. Шэн: Святые грешники. Бездушный ,448,581,576
Т," Дейл Карнеги: Искусство завоевывать друзей и оказывать влияние на людей, эффективно общаться и расти как личность ",224,294,2217
Т, Пару Итагаки: Beastars. Выдающиеся звери. Том 6 ,392,915,75
Т, Майкл Браун: Процесс присутствия. Путешествие в настоящее ,368,975,418
Т, Александра Баркова: Славянские мифы. От Велеса и Мокоши до птицы Сирин и Ивана Купалы ,248,909,276
М, Гюго Виктор: Последний день приговоренного к смерти ,320,174,627
Т, Кристина Старк: Гончие Лилит ,544,554,1523
Т," Стрелеки Джон П.: Кафе на краю земли. Как перестать плыть по течению и вспомнить, зачем ты живешь ",160,276,1495
М, Гоголь Николай Васильевич: Мертвые души ,352,189,783
М, Колин Маккалоу: Поющие в терновнике ,640,315,1534
М, Кинг Стивен: Долгая Прогулка ,352,256,2194
Т, Стингрей Джоанна: Виктор Цой. Последний герой. История ,216,1695,71
Т, Михаэла Ханауэр: Амулет Аквины ,320,975,82
Т, Керри Манискалко: Побег от Гудини. Охота на дьявола ,848,939,1242
Т, Льюис Кэрролл: Алиса в Стране чудес и в Зазеркалье ,384,215,451
Т, Марисса Мейер: Золушка ,416,488,2535
Т, Ева Эдит: Выбор. О свободе и внутренней силе человека ,344,903,683
М," Агата Кристи: Убийство в ""Восточном экспрессе"" ",320,264,563
Т, Иван Онищенко: Инвестиции внутривенно ,304,611,75
Т," Кинг Стивен: Кто нашел, берет себе ",384,1095,75
Т, Пенелопа Дуглас: Сумрак ,768,890,80
Т, Александр Бессонов: Мадам ,352,447,1166
Т, Джеральд Бром: Потерянные боги ,576,1045,2482
Т," Энтони Уильям: Очищение для исцеления. Все, что вам нужно знать об очищении организма, чтобы улучшить здоровье и изменить свою жизнь ",720,1272,190
М, Михаил Булгаков: Собачье сердце ,352,207,393
Т, Алекс Аниэл: Resident Evil. Обитель зла игровой индустрии ,320,734,189
Т, Миша Коллинз: О чем еще не смею рассказать... Стихи ,160,695,202
Т, Эмма Скотт: Пять минут жизни (новое оформление) ,448,581,479
М, Дарья Булгакова: Прогулки по неизвестной Москве ,192,675,150
Т, Александра Бракен: Лора ,608,750,98
Т, Алексис Холл: Идеальный парень ,480,611,660
Т, Сергей Обложко: Худеем по метаболическому принципу ,320,595,187
Т, Саба Тахир: Уголек в пепле ,448,695,277
Т, Джон Маррс: Code. Носители ,352,642,420
Т, Джордж Оруэлл: 1984. Скотный двор ,416,374,235
Т," Тысяча поцелуев, которые невозможно забыть ",448,472,1610
Т, Елена Кондрацкая: Когда заканчиваются сказки ,416,614,80
Т, Кристина Старк: Аспид ,480,529,1707
Т, Кинг Стивен: Страна радости ,320,385,1014
М, Бронте Энн: Незнакомка из Уайлдфелл-Холла ,640,236,711
М," Адамс Дуглас: Автостопом по Галактике. Ресторан ""У конца Вселенной"" ",320,255,1597
Т, Пенелопа Дуглас: Сумрак ,768,770,79
Т, Рэйчел Смайт: Предания Олимпа ,364,1400,159
Т, Джордж Оруэлл: 1984 ,288,202,242
Т, Королевство теней. Тени между нами ,448,595,1059
Т, Ли Бардуго: Шестерка воронов ,576,554,5289
Т, Майк Омер: Сеть смерти ,320,642,127
М, Роберт Льюис Стивенсон: Клуб самоубийц ,256,182,2542
М, Оскар Уайльд: Портрет Дориана Грея ,320,202,4259
Т, Меган Брэнди: Короли старшей школы ,384,570,111
Т, Ли Бардуго: Продажное королевство ,672,595,4860
Т, Борис Акунин: Он уходя спросил ,304,1204,144
М, Марк Твен: Никогда не спорьте с идиотами! ,160,194,4095
Т, Цискаридзе Николай Максимович: Мой театр ,512,1595,289
Т, Лия Арден: Невеста Ноября ,448,614,1398
Т, Лия Арден: Мара и Морок. Особенная Тень ,416,593,3427
Т," Ершова Пауэрс Мария, Шурыгина Полина: Все о кето без секретов. Полный гид по переходу на кетодиету без срывов и ошибок ",352,793,139
Т," Владимир Древс: Сердце Льва. Как перезагрузить жизнь и понять, кто ты такой на самом деле ",208,693,214
Т, Дженнифер Арментроут: Корона из золотых костей ,768,915,616
Т, Скарлетт Сент-Клэр: Прикосновение разрушения ,416,690,233
Т, Лия Арден: Илос. Начало ,448,614,524
Т," Савельева Дарья Дмитриевна: Осознанное питание. Как похудеть, изменив свой образ мыслей ",304,720,1891
Т, Котов Арсений: Заброшенные города СССР ,224,1695,312
Т," Татьяна Мужицкая: Ежедневные практики, которые научат вас брать, давать и наслаждаться ",192,490,468
Т, Рэйчел Смайт: Предания Олимпа. Том 2 ,368,1810,755
Т, Тунсю Мосян: Благословение небожителей. Том 2 ,432,1150,528